{
    "precision": 0.5122807025909424,
    "recall": 0.4345238208770752,
    "f1": 0.4702093303203583
}
