{
    "precision": 0.6423841118812561,
    "recall": 0.3495495617389679,
    "f1": 0.4527421295642853
}
