{
    "precision": 0.17391304671764374,
    "recall": 0.4000000059604645,
    "f1": 0.24242426455020905
}
