{
    "precision": 0.4933687150478363,
    "recall": 0.6458333134651184,
    "f1": 0.5593984723091125
}
