{
    "precision": 0.5411392450332642,
    "recall": 0.5119760632514954,
    "f1": 0.5261538624763489
}
