{
    "accuracy": 0.9956528544425964,
    "precision": 0.11288759857416153,
    "recall": 0.578163743019104,
    "f1": 0.1888933926820755
}
