{"accuracy": 0.9950669407844543, "precision": 0.2809773087501526, "recall": 0.4969135820865631, "f1": 0.3589743375778198}