{"accuracy": 0.9884780645370483, "precision": 0.037088457494974136, "recall": 0.7791666388511658, "f1": 0.07080651074647903}