{"accuracy": 0.9956209063529968, "precision": 0.11256323754787445, "recall": 0.8291925191879272, "f1": 0.19821827113628387}