{"accuracy": 0.9933185577392578, "precision": 0.10385309904813766, "recall": 0.875634491443634, "f1": 0.18568351864814758}